symbol,name,theme,bucket,priority,market,sector,asset_type,is_topix500,is_jpx_prime150,is_growth250,is_jpx_startup100,source_detail,source_url
1332.T,ニッスイ,Japan TOPIX 500,Core,A,Prime/TOPIX,水産・農林業,equity,true,false,false,false,topix500,https://www.jpx.co.jp/automation/markets/indices/topix/files/topixweight_j.csv
1333.T,Ｕｍｉｏｓ,Japan TOPIX 500,Core,A,Prime/TOPIX,水産・農林業,equity,true,false,false,false,topix500,https://www.jpx.co.jp/automation/markets/indices/topix/files/topixweight_j.csv
1414.T,ショーボンドホールディングス,Japan TOPIX 500,Core,A,Prime/TOPIX,建設業,equity,true,false,false,false,topix500,https://www.jpx.co.jp/automation/markets/indices/topix/files/topixweight_j.csv
1417.T,ミライト・ワン,Japan TOPIX 500,Core,A,Prime/TOPIX,建設業,equity,true,false,false,false,topix500,https://www.jpx.co.jp/automation/markets/indices/topix/files/topixweight_j.csv
1605.T,ＩＮＰＥＸ,Japan TOPIX 500,Core,A,Prime/TOPIX,鉱業,equity,true,false,false,false,topix500,https://www.jpx.co.jp/automation/markets/indices/topix/files/topixweight_j.csv
1719.T,安藤・間,Japan TOPIX 500,Core,A,Prime/TOPIX,建設業,equity,true,false,false,false,topix500,https://www.jpx.co.jp/automation/markets/indices/topix/files/topixweight_j.csv
1721.T,コムシスホールディングス,Japan TOPIX 500,Core,A,Prime/TOPIX,建設業,equity,true,false,false,false,topix500,https://www.jpx.co.jp/automation/markets/indices/topix/files/topixweight_j.csv
1801.T,大成建設,Japan TOPIX 500,Core,A,Prime/TOPIX,建設業,equity,true,false,false,false,topix500,https://www.jpx.co.jp/automation/markets/indices/topix/files/topixweight_j.csv
1802.T,大林組,Japan TOPIX 500,Core,A,Prime/TOPIX,建設業,equity,true,false,false,false,topix500,https://www.jpx.co.jp/automation/markets/indices/topix/files/topixweight_j.csv
1803.T,清水建設,Japan TOPIX 500,Core,A,Prime/TOPIX,建設業,equity,true,false,false,false,topix500,https://www.jpx.co.jp/automation/markets/indices/topix/files/topixweight_j.csv
1808.T,長谷工コーポレーション,Japan TOPIX 500,Core,A,Prime/TOPIX,建設業,equity,true,false,false,false,topix500,https://www.jpx.co.jp/automation/markets/indices/topix/files/topixweight_j.csv
1812.T,鹿島建設,Japan TOPIX 500,Core,A,Prime/TOPIX,建設業,equity,true,false,false,false,topix500,https://www.jpx.co.jp/automation/markets/indices/topix/files/topixweight_j.csv
1820.T,西松建設,Japan TOPIX 500,Core,A,Prime/TOPIX,建設業,equity,true,false,false,false,topix500,https://www.jpx.co.jp/automation/markets/indices/topix/files/topixweight_j.csv
1860.T,戸田建設,Japan TOPIX 500,Core,A,Prime/TOPIX,建設業,equity,true,false,false,false,topix500,https://www.jpx.co.jp/automation/markets/indices/topix/files/topixweight_j.csv
1878.T,大東建託,Japan Quality / Prime 150,Core,A,Prime/TOPIX,不動産業,equity,true,true,false,false,topix500|jpx_prime150,https://www.jpx.co.jp/automation/markets/indices/topix/files/topixweight_j.csv|https://www.jpx.co.jp/automation/markets/indices/jpx-prime150/files/jpxprime150weight_j.csv
1893.T,五洋建設,Japan TOPIX 500,Core,A,Prime/TOPIX,建設業,equity,true,false,false,false,topix500,https://www.jpx.co.jp/automation/markets/indices/topix/files/topixweight_j.csv
1911.T,住友林業,Japan TOPIX 500,Core,A,Prime/TOPIX,建設業,equity,true,false,false,false,topix500,https://www.jpx.co.jp/automation/markets/indices/topix/files/topixweight_j.csv
1925.T,大和ハウス工業,Japan Quality / Prime 150,Core,A,Prime/TOPIX,建設業,equity,true,true,false,false,topix500|jpx_prime150,https://www.jpx.co.jp/automation/markets/indices/topix/files/topixweight_j.csv|https://www.jpx.co.jp/automation/markets/indices/jpx-prime150/files/jpxprime150weight_j.csv
1928.T,積水ハウス,Japan Quality / Prime 150,Core,A,Prime/TOPIX,建設業,equity,true,true,false,false,topix500|jpx_prime150,https://www.jpx.co.jp/automation/markets/indices/topix/files/topixweight_j.csv|https://www.jpx.co.jp/automation/markets/indices/jpx-prime150/files/jpxprime150weight_j.csv
1942.T,関電工,Japan TOPIX 500,Core,A,Prime/TOPIX,建設業,equity,true,false,false,false,topix500,https://www.jpx.co.jp/automation/markets/indices/topix/files/topixweight_j.csv
1944.T,きんでん,Japan TOPIX 500,Core,A,Prime/TOPIX,建設業,equity,true,false,false,false,topix500,https://www.jpx.co.jp/automation/markets/indices/topix/files/topixweight_j.csv
1951.T,エクシオグループ,Japan TOPIX 500,Core,A,Prime/TOPIX,建設業,equity,true,false,false,false,topix500,https://www.jpx.co.jp/automation/markets/indices/topix/files/topixweight_j.csv
1959.T,クラフティア,Japan TOPIX 500,Core,A,Prime/TOPIX,建設業,equity,true,false,false,false,topix500,https://www.jpx.co.jp/automation/markets/indices/topix/files/topixweight_j.csv
1963.T,日揮ホールディングス,Japan TOPIX 500,Core,A,Prime/TOPIX,建設業,equity,true,false,false,false,topix500,https://www.jpx.co.jp/automation/markets/indices/topix/files/topixweight_j.csv
1969.T,高砂熱学工業,Japan TOPIX 500,Core,A,Prime/TOPIX,建設業,equity,true,false,false,false,topix500,https://www.jpx.co.jp/automation/markets/indices/topix/files/topixweight_j.csv
2002.T,日清製粉グループ本社,Japan TOPIX 500,Core,A,Prime/TOPIX,食料品,equity,true,false,false,false,topix500,https://www.jpx.co.jp/automation/markets/indices/topix/files/topixweight_j.csv
2127.T,日本Ｍ＆Ａセンターホールディングス,Japan Quality / Prime 150,Core,A,Prime/TOPIX,サービス業,equity,true,true,false,false,topix500|jpx_prime150,https://www.jpx.co.jp/automation/markets/indices/topix/files/topixweight_j.csv|https://www.jpx.co.jp/automation/markets/indices/jpx-prime150/files/jpxprime150weight_j.csv
2181.T,パーソルホールディングス,Japan TOPIX 500,Core,A,Prime/TOPIX,サービス業,equity,true,false,false,false,topix500,https://www.jpx.co.jp/automation/markets/indices/topix/files/topixweight_j.csv
2201.T,森永製菓,Japan TOPIX 500,Core,A,Prime/TOPIX,食料品,equity,true,false,false,false,topix500,https://www.jpx.co.jp/automation/markets/indices/topix/files/topixweight_j.csv
2206.T,江崎グリコ,Japan TOPIX 500,Core,A,Prime/TOPIX,食料品,equity,true,false,false,false,topix500,https://www.jpx.co.jp/automation/markets/indices/topix/files/topixweight_j.csv
2212.T,山崎製パン,Japan TOPIX 500,Core,A,Prime/TOPIX,食料品,equity,true,false,false,false,topix500,https://www.jpx.co.jp/automation/markets/indices/topix/files/topixweight_j.csv
2222.T,寿スピリッツ,Japan Quality / Prime 150,Core,A,Prime/TOPIX,食料品,equity,true,true,false,false,topix500|jpx_prime150,https://www.jpx.co.jp/automation/markets/indices/topix/files/topixweight_j.csv|https://www.jpx.co.jp/automation/markets/indices/jpx-prime150/files/jpxprime150weight_j.csv
2229.T,カルビー,Japan TOPIX 500,Core,A,Prime/TOPIX,食料品,equity,true,false,false,false,topix500,https://www.jpx.co.jp/automation/markets/indices/topix/files/topixweight_j.csv
2264.T,森永乳業,Japan TOPIX 500,Core,A,Prime/TOPIX,食料品,equity,true,false,false,false,topix500,https://www.jpx.co.jp/automation/markets/indices/topix/files/topixweight_j.csv
2267.T,ヤクルト本社,Japan Quality / Prime 150,Core,A,Prime/TOPIX,食料品,equity,true,true,false,false,topix500|jpx_prime150,https://www.jpx.co.jp/automation/markets/indices/topix/files/topixweight_j.csv|https://www.jpx.co.jp/automation/markets/indices/jpx-prime150/files/jpxprime150weight_j.csv
2269.T,明治ホールディングス,Japan TOPIX 500,Core,A,Prime/TOPIX,食料品,equity,true,false,false,false,topix500,https://www.jpx.co.jp/automation/markets/indices/topix/files/topixweight_j.csv
2282.T,日本ハム,Japan TOPIX 500,Core,A,Prime/TOPIX,食料品,equity,true,false,false,false,topix500,https://www.jpx.co.jp/automation/markets/indices/topix/files/topixweight_j.csv
2327.T,日鉄ソリューションズ,Japan TOPIX 500,Core,A,Prime/TOPIX,情報・通信業,equity,true,false,false,false,topix500,https://www.jpx.co.jp/automation/markets/indices/topix/files/topixweight_j.csv
2331.T,ＡＬＳＯＫ,Japan TOPIX 500,Core,A,Prime/TOPIX,サービス業,equity,true,false,false,false,topix500,https://www.jpx.co.jp/automation/markets/indices/topix/files/topixweight_j.csv
2371.T,カカクコム,Japan Quality / Prime 150,Core,A,Prime/TOPIX,サービス業,equity,true,true,false,false,topix500|jpx_prime150,https://www.jpx.co.jp/automation/markets/indices/topix/files/topixweight_j.csv|https://www.jpx.co.jp/automation/markets/indices/jpx-prime150/files/jpxprime150weight_j.csv
2413.T,エムスリー,Japan Quality / Prime 150,Core,A,Prime/TOPIX,サービス業,equity,true,true,false,false,topix500|jpx_prime150,https://www.jpx.co.jp/automation/markets/indices/topix/files/topixweight_j.csv|https://www.jpx.co.jp/automation/markets/indices/jpx-prime150/files/jpxprime150weight_j.csv
2432.T,ディー・エヌ・エー,Japan TOPIX 500,Core,A,Prime/TOPIX,情報・通信業,equity,true,false,false,false,topix500,https://www.jpx.co.jp/automation/markets/indices/topix/files/topixweight_j.csv
2433.T,博報堂ＤＹホールディングス,Japan TOPIX 500,Core,A,Prime/TOPIX,サービス業,equity,true,false,false,false,topix500,https://www.jpx.co.jp/automation/markets/indices/topix/files/topixweight_j.csv
2501.T,サッポロホールディングス,Japan TOPIX 500,Core,A,Prime/TOPIX,食料品,equity,true,false,false,false,topix500,https://www.jpx.co.jp/automation/markets/indices/topix/files/topixweight_j.csv
2502.T,アサヒグループホールディングス,Japan Quality / Prime 150,Core,A,Prime/TOPIX,食料品,equity,true,true,false,false,topix500|jpx_prime150,https://www.jpx.co.jp/automation/markets/indices/topix/files/topixweight_j.csv|https://www.jpx.co.jp/automation/markets/indices/jpx-prime150/files/jpxprime150weight_j.csv
2503.T,キリンホールディングス,Japan Quality / Prime 150,Core,A,Prime/TOPIX,食料品,equity,true,true,false,false,topix500|jpx_prime150,https://www.jpx.co.jp/automation/markets/indices/topix/files/topixweight_j.csv|https://www.jpx.co.jp/automation/markets/indices/jpx-prime150/files/jpxprime150weight_j.csv
2531.T,宝ホールディングス,Japan TOPIX 500,Core,A,Prime/TOPIX,食料品,equity,true,false,false,false,topix500,https://www.jpx.co.jp/automation/markets/indices/topix/files/topixweight_j.csv
2579.T,コカ・コーラ ボトラーズジャパンホールディングス,Japan TOPIX 500,Core,A,Prime/TOPIX,食料品,equity,true,false,false,false,topix500,https://www.jpx.co.jp/automation/markets/indices/topix/files/topixweight_j.csv
2587.T,サントリー食品インターナショナル,Japan Quality / Prime 150,Core,A,Prime/TOPIX,食料品,equity,true,true,false,false,topix500|jpx_prime150,https://www.jpx.co.jp/automation/markets/indices/topix/files/topixweight_j.csv|https://www.jpx.co.jp/automation/markets/indices/jpx-prime150/files/jpxprime150weight_j.csv
2593.T,伊藤園,Japan TOPIX 500,Core,A,Prime/TOPIX,食料品,equity,true,false,false,false,topix500,https://www.jpx.co.jp/automation/markets/indices/topix/files/topixweight_j.csv
2607.T,不二製油,Japan TOPIX 500,Core,A,Prime/TOPIX,食料品,equity,true,false,false,false,topix500,https://www.jpx.co.jp/automation/markets/indices/topix/files/topixweight_j.csv
2670.T,エービーシー・マート,Japan TOPIX 500,Core,A,Prime/TOPIX,小売業,equity,true,false,false,false,topix500,https://www.jpx.co.jp/automation/markets/indices/topix/files/topixweight_j.csv
2726.T,パルグループホールディングス,Japan Quality / Prime 150,Core,A,Prime,小売業,equity,false,true,false,false,jpx_prime150,https://www.jpx.co.jp/automation/markets/indices/jpx-prime150/files/jpxprime150weight_j.csv
2768.T,双日,Japan TOPIX 500,Core,A,Prime/TOPIX,卸売業,equity,true,false,false,false,topix500,https://www.jpx.co.jp/automation/markets/indices/topix/files/topixweight_j.csv
2784.T,アルフレッサ ホールディングス,Japan TOPIX 500,Core,A,Prime/TOPIX,卸売業,equity,true,false,false,false,topix500,https://www.jpx.co.jp/automation/markets/indices/topix/files/topixweight_j.csv
2801.T,キッコーマン,Japan Quality / Prime 150,Core,A,Prime/TOPIX,食料品,equity,true,true,false,false,topix500|jpx_prime150,https://www.jpx.co.jp/automation/markets/indices/topix/files/topixweight_j.csv|https://www.jpx.co.jp/automation/markets/indices/jpx-prime150/files/jpxprime150weight_j.csv
2802.T,味の素,Japan Quality / Prime 150,Core,A,Prime/TOPIX,食料品,equity,true,true,false,false,topix500|jpx_prime150,https://www.jpx.co.jp/automation/markets/indices/topix/files/topixweight_j.csv|https://www.jpx.co.jp/automation/markets/indices/jpx-prime150/files/jpxprime150weight_j.csv
2809.T,キユーピー,Japan TOPIX 500,Core,A,Prime/TOPIX,食料品,equity,true,false,false,false,topix500,https://www.jpx.co.jp/automation/markets/indices/topix/files/topixweight_j.csv
2810.T,ハウス食品グループ本社,Japan TOPIX 500,Core,A,Prime/TOPIX,食料品,equity,true,false,false,false,topix500,https://www.jpx.co.jp/automation/markets/indices/topix/files/topixweight_j.csv
2811.T,カゴメ,Japan TOPIX 500,Core,A,Prime/TOPIX,食料品,equity,true,false,false,false,topix500,https://www.jpx.co.jp/automation/markets/indices/topix/files/topixweight_j.csv
285A.T,キオクシアホールディングス,Japan TOPIX 500,Core,A,Prime/TOPIX,電気機器,equity,true,false,false,false,topix500,https://www.jpx.co.jp/automation/markets/indices/topix/files/topixweight_j.csv
2871.T,ニチレイ,Japan TOPIX 500,Core,A,Prime/TOPIX,食料品,equity,true,false,false,false,topix500,https://www.jpx.co.jp/automation/markets/indices/topix/files/topixweight_j.csv
2875.T,東洋水産,Japan TOPIX 500,Core,A,Prime/TOPIX,食料品,equity,true,false,false,false,topix500,https://www.jpx.co.jp/automation/markets/indices/topix/files/topixweight_j.csv
2897.T,日清食品ホールディングス,Japan Quality / Prime 150,Core,A,Prime/TOPIX,食料品,equity,true,true,false,false,topix500|jpx_prime150,https://www.jpx.co.jp/automation/markets/indices/topix/files/topixweight_j.csv|https://www.jpx.co.jp/automation/markets/indices/jpx-prime150/files/jpxprime150weight_j.csv
2914.T,日本たばこ産業,Japan Quality / Prime 150,Core,A,Prime/TOPIX,食料品,equity,true,true,false,false,topix500|jpx_prime150,https://www.jpx.co.jp/automation/markets/indices/topix/files/topixweight_j.csv|https://www.jpx.co.jp/automation/markets/indices/jpx-prime150/files/jpxprime150weight_j.csv
3003.T,ヒューリック,Japan TOPIX 500,Core,A,Prime/TOPIX,不動産業,equity,true,false,false,false,topix500,https://www.jpx.co.jp/automation/markets/indices/topix/files/topixweight_j.csv
3038.T,神戸物産,Japan Quality / Prime 150,Core,A,Prime/TOPIX,卸売業,equity,true,true,false,false,topix500|jpx_prime150,https://www.jpx.co.jp/automation/markets/indices/topix/files/topixweight_j.csv|https://www.jpx.co.jp/automation/markets/indices/jpx-prime150/files/jpxprime150weight_j.csv
3048.T,ビックカメラ,Japan TOPIX 500,Core,A,Prime/TOPIX,小売業,equity,true,false,false,false,topix500,https://www.jpx.co.jp/automation/markets/indices/topix/files/topixweight_j.csv
3064.T,ＭｏｎｏｔａＲＯ,Japan Quality / Prime 150,Core,A,Prime/TOPIX,小売業,equity,true,true,false,false,topix500|jpx_prime150,https://www.jpx.co.jp/automation/markets/indices/topix/files/topixweight_j.csv|https://www.jpx.co.jp/automation/markets/indices/jpx-prime150/files/jpxprime150weight_j.csv
3086.T,Ｊ．フロント リテイリング,Japan TOPIX 500,Core,A,Prime/TOPIX,小売業,equity,true,false,false,false,topix500,https://www.jpx.co.jp/automation/markets/indices/topix/files/topixweight_j.csv
3088.T,マツキヨココカラ＆カンパニー,Japan Quality / Prime 150,Core,A,Prime/TOPIX,小売業,equity,true,true,false,false,topix500|jpx_prime150,https://www.jpx.co.jp/automation/markets/indices/topix/files/topixweight_j.csv|https://www.jpx.co.jp/automation/markets/indices/jpx-prime150/files/jpxprime150weight_j.csv
3092.T,ＺＯＺＯ,Japan Quality / Prime 150,Core,A,Prime/TOPIX,小売業,equity,true,true,false,false,topix500|jpx_prime150,https://www.jpx.co.jp/automation/markets/indices/topix/files/topixweight_j.csv|https://www.jpx.co.jp/automation/markets/indices/jpx-prime150/files/jpxprime150weight_j.csv
3099.T,三越伊勢丹ホールディングス,Japan TOPIX 500,Core,A,Prime/TOPIX,小売業,equity,true,false,false,false,topix500,https://www.jpx.co.jp/automation/markets/indices/topix/files/topixweight_j.csv
3105.T,日清紡ホールディングス,Japan TOPIX 500,Core,A,Prime/TOPIX,電気機器,equity,true,false,false,false,topix500,https://www.jpx.co.jp/automation/markets/indices/topix/files/topixweight_j.csv
3107.T,ダイワボウホールディングス,Japan TOPIX 500,Core,A,Prime/TOPIX,卸売業,equity,true,false,false,false,topix500,https://www.jpx.co.jp/automation/markets/indices/topix/files/topixweight_j.csv
3116.T,トヨタ紡織,Japan TOPIX 500,Core,A,Prime/TOPIX,輸送用機器,equity,true,false,false,false,topix500,https://www.jpx.co.jp/automation/markets/indices/topix/files/topixweight_j.csv
3132.T,マクニカホールディングス,Japan TOPIX 500,Core,A,Prime/TOPIX,卸売業,equity,true,false,false,false,topix500,https://www.jpx.co.jp/automation/markets/indices/topix/files/topixweight_j.csv
3197.T,すかいらーくホールディングス,Japan TOPIX 500,Core,A,Prime/TOPIX,小売業,equity,true,false,false,false,topix500,https://www.jpx.co.jp/automation/markets/indices/topix/files/topixweight_j.csv
3231.T,野村不動産ホールディングス,Japan TOPIX 500,Core,A,Prime/TOPIX,不動産業,equity,true,false,false,false,topix500,https://www.jpx.co.jp/automation/markets/indices/topix/files/topixweight_j.csv
3288.T,オープンハウスグループ,Japan Quality / Prime 150,Core,A,Prime/TOPIX,不動産業,equity,true,true,false,false,topix500|jpx_prime150,https://www.jpx.co.jp/automation/markets/indices/topix/files/topixweight_j.csv|https://www.jpx.co.jp/automation/markets/indices/jpx-prime150/files/jpxprime150weight_j.csv
3289.T,東急不動産ホールディングス,Japan TOPIX 500,Core,A,Prime/TOPIX,不動産業,equity,true,false,false,false,topix500,https://www.jpx.co.jp/automation/markets/indices/topix/files/topixweight_j.csv
3291.T,飯田グループホールディングス,Japan TOPIX 500,Core,A,Prime/TOPIX,不動産業,equity,true,false,false,false,topix500,https://www.jpx.co.jp/automation/markets/indices/topix/files/topixweight_j.csv
3349.T,コスモス薬品,Japan TOPIX 500,Core,A,Prime/TOPIX,小売業,equity,true,false,false,false,topix500,https://www.jpx.co.jp/automation/markets/indices/topix/files/topixweight_j.csv
3360.T,シップヘルスケアホールディングス,Japan TOPIX 500,Core,A,Prime/TOPIX,卸売業,equity,true,false,false,false,topix500,https://www.jpx.co.jp/automation/markets/indices/topix/files/topixweight_j.csv
3382.T,セブン＆アイ・ホールディングス,Japan Quality / Prime 150,Core,A,Prime/TOPIX,小売業,equity,true,true,false,false,topix500|jpx_prime150,https://www.jpx.co.jp/automation/markets/indices/topix/files/topixweight_j.csv|https://www.jpx.co.jp/automation/markets/indices/jpx-prime150/files/jpxprime150weight_j.csv
3391.T,ツルハホールディングス,Japan TOPIX 500,Core,A,Prime/TOPIX,小売業,equity,true,false,false,false,topix500,https://www.jpx.co.jp/automation/markets/indices/topix/files/topixweight_j.csv
3397.T,トリドールホールディングス,Japan TOPIX 500,Core,A,Prime/TOPIX,小売業,equity,true,false,false,false,topix500,https://www.jpx.co.jp/automation/markets/indices/topix/files/topixweight_j.csv
3401.T,帝人,Japan TOPIX 500,Core,A,Prime/TOPIX,繊維製品,equity,true,false,false,false,topix500,https://www.jpx.co.jp/automation/markets/indices/topix/files/topixweight_j.csv
3402.T,東レ,Japan TOPIX 500,Core,A,Prime/TOPIX,繊維製品,equity,true,false,false,false,topix500,https://www.jpx.co.jp/automation/markets/indices/topix/files/topixweight_j.csv
3405.T,クラレ,Japan TOPIX 500,Core,A,Prime/TOPIX,化学,equity,true,false,false,false,topix500,https://www.jpx.co.jp/automation/markets/indices/topix/files/topixweight_j.csv
3407.T,旭化成,Japan TOPIX 500,Core,A,Prime/TOPIX,化学,equity,true,false,false,false,topix500,https://www.jpx.co.jp/automation/markets/indices/topix/files/topixweight_j.csv
3436.T,ＳＵＭＣＯ,Japan TOPIX 500,Core,A,Prime/TOPIX,金属製品,equity,true,false,false,false,topix500,https://www.jpx.co.jp/automation/markets/indices/topix/files/topixweight_j.csv
3549.T,クスリのアオキホールディングス,Japan TOPIX 500,Core,A,Prime/TOPIX,小売業,equity,true,false,false,false,topix500,https://www.jpx.co.jp/automation/markets/indices/topix/files/topixweight_j.csv
3563.T,ＦＯＯＤ ＆ ＬＩＦＥ ＣＯＭＰＡＮＩＥＳ,Japan Quality / Prime 150,Core,A,Prime/TOPIX,小売業,equity,true,true,false,false,topix500|jpx_prime150,https://www.jpx.co.jp/automation/markets/indices/topix/files/topixweight_j.csv|https://www.jpx.co.jp/automation/markets/indices/jpx-prime150/files/jpxprime150weight_j.csv
3591.T,ワコールホールディングス,Japan TOPIX 500,Core,A,Prime/TOPIX,繊維製品,equity,true,false,false,false,topix500,https://www.jpx.co.jp/automation/markets/indices/topix/files/topixweight_j.csv
3626.T,ＴＩＳ,Japan Quality / Prime 150,Core,A,Prime/TOPIX,情報・通信業,equity,true,true,false,false,topix500|jpx_prime150,https://www.jpx.co.jp/automation/markets/indices/topix/files/topixweight_j.csv|https://www.jpx.co.jp/automation/markets/indices/jpx-prime150/files/jpxprime150weight_j.csv
3635.T,コーエーテクモホールディングス,Japan TOPIX 500,Core,A,Prime/TOPIX,情報・通信業,equity,true,false,false,false,topix500,https://www.jpx.co.jp/automation/markets/indices/topix/files/topixweight_j.csv
3659.T,ネクソン,Japan Quality / Prime 150,Core,A,Prime/TOPIX,情報・通信業,equity,true,true,false,false,topix500|jpx_prime150,https://www.jpx.co.jp/automation/markets/indices/topix/files/topixweight_j.csv|https://www.jpx.co.jp/automation/markets/indices/jpx-prime150/files/jpxprime150weight_j.csv
3769.T,ＧＭＯペイメントゲートウェイ,Japan Quality / Prime 150,Core,A,Prime/TOPIX,情報・通信業,equity,true,true,false,false,topix500|jpx_prime150,https://www.jpx.co.jp/automation/markets/indices/topix/files/topixweight_j.csv|https://www.jpx.co.jp/automation/markets/indices/jpx-prime150/files/jpxprime150weight_j.csv
3774.T,インターネットイニシアティブ,Japan Quality / Prime 150,Core,A,Prime/TOPIX,情報・通信業,equity,true,true,false,false,topix500|jpx_prime150,https://www.jpx.co.jp/automation/markets/indices/topix/files/topixweight_j.csv|https://www.jpx.co.jp/automation/markets/indices/jpx-prime150/files/jpxprime150weight_j.csv
3861.T,王子ホールディングス,Japan TOPIX 500,Core,A,Prime/TOPIX,パルプ・紙,equity,true,false,false,false,topix500,https://www.jpx.co.jp/automation/markets/indices/topix/files/topixweight_j.csv
3941.T,レンゴー,Japan TOPIX 500,Core,A,Prime/TOPIX,パルプ・紙,equity,true,false,false,false,topix500,https://www.jpx.co.jp/automation/markets/indices/topix/files/topixweight_j.csv
4004.T,レゾナック・ホールディングス,Japan TOPIX 500,Core,A,Prime/TOPIX,化学,equity,true,false,false,false,topix500,https://www.jpx.co.jp/automation/markets/indices/topix/files/topixweight_j.csv
4005.T,住友化学,Japan TOPIX 500,Core,A,Prime/TOPIX,化学,equity,true,false,false,false,topix500,https://www.jpx.co.jp/automation/markets/indices/topix/files/topixweight_j.csv
4021.T,日産化学,Japan Quality / Prime 150,Core,A,Prime/TOPIX,化学,equity,true,true,false,false,topix500|jpx_prime150,https://www.jpx.co.jp/automation/markets/indices/topix/files/topixweight_j.csv|https://www.jpx.co.jp/automation/markets/indices/jpx-prime150/files/jpxprime150weight_j.csv
4042.T,東ソー,Japan TOPIX 500,Core,A,Prime/TOPIX,化学,equity,true,false,false,false,topix500,https://www.jpx.co.jp/automation/markets/indices/topix/files/topixweight_j.csv
4043.T,トクヤマ,Japan TOPIX 500,Core,A,Prime/TOPIX,化学,equity,true,false,false,false,topix500,https://www.jpx.co.jp/automation/markets/indices/topix/files/topixweight_j.csv
4045.T,東亞合成,Japan TOPIX 500,Core,A,Prime/TOPIX,化学,equity,true,false,false,false,topix500,https://www.jpx.co.jp/automation/markets/indices/topix/files/topixweight_j.csv
4061.T,デンカ,Japan TOPIX 500,Core,A,Prime/TOPIX,化学,equity,true,false,false,false,topix500,https://www.jpx.co.jp/automation/markets/indices/topix/files/topixweight_j.csv
4062.T,イビデン,Japan TOPIX 500,Core,A,Prime/TOPIX,電気機器,equity,true,false,false,false,topix500,https://www.jpx.co.jp/automation/markets/indices/topix/files/topixweight_j.csv
4063.T,信越化学工業,Japan Quality / Prime 150,Core,A,Prime/TOPIX,化学,equity,true,true,false,false,topix500|jpx_prime150,https://www.jpx.co.jp/automation/markets/indices/topix/files/topixweight_j.csv|https://www.jpx.co.jp/automation/markets/indices/jpx-prime150/files/jpxprime150weight_j.csv
4088.T,エア・ウォーター,Japan TOPIX 500,Core,A,Prime/TOPIX,化学,equity,true,false,false,false,topix500,https://www.jpx.co.jp/automation/markets/indices/topix/files/topixweight_j.csv
4091.T,日本酸素ホールディングス,Japan Quality / Prime 150,Core,A,Prime/TOPIX,化学,equity,true,true,false,false,topix500|jpx_prime150,https://www.jpx.co.jp/automation/markets/indices/topix/files/topixweight_j.csv|https://www.jpx.co.jp/automation/markets/indices/jpx-prime150/files/jpxprime150weight_j.csv
4114.T,日本触媒,Japan TOPIX 500,Core,A,Prime/TOPIX,化学,equity,true,false,false,false,topix500,https://www.jpx.co.jp/automation/markets/indices/topix/files/topixweight_j.csv
4118.T,カネカ,Japan TOPIX 500,Core,A,Prime/TOPIX,化学,equity,true,false,false,false,topix500,https://www.jpx.co.jp/automation/markets/indices/topix/files/topixweight_j.csv
4151.T,協和キリン,Japan Quality / Prime 150,Core,A,Prime/TOPIX,医薬品,equity,true,true,false,false,topix500|jpx_prime150,https://www.jpx.co.jp/automation/markets/indices/topix/files/topixweight_j.csv|https://www.jpx.co.jp/automation/markets/indices/jpx-prime150/files/jpxprime150weight_j.csv
417A.T,ブルーゾーンホールディングス,Japan TOPIX 500,Core,A,Prime/TOPIX,小売業,equity,true,false,false,false,topix500,https://www.jpx.co.jp/automation/markets/indices/topix/files/topixweight_j.csv
4182.T,三菱瓦斯化学,Japan TOPIX 500,Core,A,Prime/TOPIX,化学,equity,true,false,false,false,topix500,https://www.jpx.co.jp/automation/markets/indices/topix/files/topixweight_j.csv
4183.T,三井化学,Japan TOPIX 500,Core,A,Prime/TOPIX,化学,equity,true,false,false,false,topix500,https://www.jpx.co.jp/automation/markets/indices/topix/files/topixweight_j.csv
4186.T,東京応化工業,Japan TOPIX 500,Core,A,Prime/TOPIX,化学,equity,true,false,false,false,topix500,https://www.jpx.co.jp/automation/markets/indices/topix/files/topixweight_j.csv
4188.T,三菱ケミカルグループ,Japan TOPIX 500,Core,A,Prime/TOPIX,化学,equity,true,false,false,false,topix500,https://www.jpx.co.jp/automation/markets/indices/topix/files/topixweight_j.csv
4202.T,ダイセル,Japan TOPIX 500,Core,A,Prime/TOPIX,化学,equity,true,false,false,false,topix500,https://www.jpx.co.jp/automation/markets/indices/topix/files/topixweight_j.csv
4203.T,住友ベークライト,Japan TOPIX 500,Core,A,Prime/TOPIX,化学,equity,true,false,false,false,topix500,https://www.jpx.co.jp/automation/markets/indices/topix/files/topixweight_j.csv
4204.T,積水化学工業,Japan TOPIX 500,Core,A,Prime/TOPIX,化学,equity,true,false,false,false,topix500,https://www.jpx.co.jp/automation/markets/indices/topix/files/topixweight_j.csv
4205.T,日本ゼオン,Japan TOPIX 500,Core,A,Prime/TOPIX,化学,equity,true,false,false,false,topix500,https://www.jpx.co.jp/automation/markets/indices/topix/files/topixweight_j.csv
4206.T,アイカ工業,Japan TOPIX 500,Core,A,Prime/TOPIX,化学,equity,true,false,false,false,topix500,https://www.jpx.co.jp/automation/markets/indices/topix/files/topixweight_j.csv
4208.T,ＵＢＥ,Japan TOPIX 500,Core,A,Prime/TOPIX,化学,equity,true,false,false,false,topix500,https://www.jpx.co.jp/automation/markets/indices/topix/files/topixweight_j.csv
4272.T,日本化薬,Japan TOPIX 500,Core,A,Prime/TOPIX,化学,equity,true,false,false,false,topix500,https://www.jpx.co.jp/automation/markets/indices/topix/files/topixweight_j.csv
4307.T,野村総合研究所,Japan Quality / Prime 150,Core,A,Prime/TOPIX,情報・通信業,equity,true,true,false,false,topix500|jpx_prime150,https://www.jpx.co.jp/automation/markets/indices/topix/files/topixweight_j.csv|https://www.jpx.co.jp/automation/markets/indices/jpx-prime150/files/jpxprime150weight_j.csv
4324.T,電通グループ,Japan Quality / Prime 150,Core,A,Prime/TOPIX,サービス業,equity,true,true,false,false,topix500|jpx_prime150,https://www.jpx.co.jp/automation/markets/indices/topix/files/topixweight_j.csv|https://www.jpx.co.jp/automation/markets/indices/jpx-prime150/files/jpxprime150weight_j.csv
4385.T,メルカリ,Japan Quality / Prime 150,Core,A,Prime/TOPIX,情報・通信業,equity,true,true,false,false,topix500|jpx_prime150,https://www.jpx.co.jp/automation/markets/indices/topix/files/topixweight_j.csv|https://www.jpx.co.jp/automation/markets/indices/jpx-prime150/files/jpxprime150weight_j.csv
4401.T,ＡＤＥＫＡ,Japan TOPIX 500,Core,A,Prime/TOPIX,化学,equity,true,false,false,false,topix500,https://www.jpx.co.jp/automation/markets/indices/topix/files/topixweight_j.csv
4403.T,日油,Japan TOPIX 500,Core,A,Prime/TOPIX,化学,equity,true,false,false,false,topix500,https://www.jpx.co.jp/automation/markets/indices/topix/files/topixweight_j.csv
4452.T,花王,Japan Quality / Prime 150,Core,A,Prime/TOPIX,化学,equity,true,true,false,false,topix500|jpx_prime150,https://www.jpx.co.jp/automation/markets/indices/topix/files/topixweight_j.csv|https://www.jpx.co.jp/automation/markets/indices/jpx-prime150/files/jpxprime150weight_j.csv
4502.T,武田薬品工業,Japan TOPIX 500,Core,A,Prime/TOPIX,医薬品,equity,true,false,false,false,topix500,https://www.jpx.co.jp/automation/markets/indices/topix/files/topixweight_j.csv
4503.T,アステラス製薬,Japan Quality / Prime 150,Core,A,Prime/TOPIX,医薬品,equity,true,true,false,false,topix500|jpx_prime150,https://www.jpx.co.jp/automation/markets/indices/topix/files/topixweight_j.csv|https://www.jpx.co.jp/automation/markets/indices/jpx-prime150/files/jpxprime150weight_j.csv
4506.T,住友ファーマ,Japan TOPIX 500,Core,A,Prime/TOPIX,医薬品,equity,true,false,false,false,topix500,https://www.jpx.co.jp/automation/markets/indices/topix/files/topixweight_j.csv
4507.T,塩野義製薬,Japan Quality / Prime 150,Core,A,Prime/TOPIX,医薬品,equity,true,true,false,false,topix500|jpx_prime150,https://www.jpx.co.jp/automation/markets/indices/topix/files/topixweight_j.csv|https://www.jpx.co.jp/automation/markets/indices/jpx-prime150/files/jpxprime150weight_j.csv
4516.T,日本新薬,Japan TOPIX 500,Core,A,Prime/TOPIX,医薬品,equity,true,false,false,false,topix500,https://www.jpx.co.jp/automation/markets/indices/topix/files/topixweight_j.csv
4519.T,中外製薬,Japan Quality / Prime 150,Core,A,Prime/TOPIX,医薬品,equity,true,true,false,false,topix500|jpx_prime150,https://www.jpx.co.jp/automation/markets/indices/topix/files/topixweight_j.csv|https://www.jpx.co.jp/automation/markets/indices/jpx-prime150/files/jpxprime150weight_j.csv
4523.T,エーザイ,Japan Quality / Prime 150,Core,A,Prime/TOPIX,医薬品,equity,true,true,false,false,topix500|jpx_prime150,https://www.jpx.co.jp/automation/markets/indices/topix/files/topixweight_j.csv|https://www.jpx.co.jp/automation/markets/indices/jpx-prime150/files/jpxprime150weight_j.csv
4527.T,ロート製薬,Japan TOPIX 500,Core,A,Prime/TOPIX,医薬品,equity,true,false,false,false,topix500,https://www.jpx.co.jp/automation/markets/indices/topix/files/topixweight_j.csv
4528.T,小野薬品工業,Japan TOPIX 500,Core,A,Prime/TOPIX,医薬品,equity,true,false,false,false,topix500,https://www.jpx.co.jp/automation/markets/indices/topix/files/topixweight_j.csv
4530.T,久光製薬,Japan TOPIX 500,Core,A,Prime/TOPIX,医薬品,equity,true,false,false,false,topix500,https://www.jpx.co.jp/automation/markets/indices/topix/files/topixweight_j.csv
4536.T,参天製薬,Japan TOPIX 500,Core,A,Prime/TOPIX,医薬品,equity,true,false,false,false,topix500,https://www.jpx.co.jp/automation/markets/indices/topix/files/topixweight_j.csv
4540.T,ツムラ,Japan TOPIX 500,Core,A,Prime/TOPIX,医薬品,equity,true,false,false,false,topix500,https://www.jpx.co.jp/automation/markets/indices/topix/files/topixweight_j.csv
4543.T,テルモ,Japan Quality / Prime 150,Core,A,Prime/TOPIX,精密機器,equity,true,true,false,false,topix500|jpx_prime150,https://www.jpx.co.jp/automation/markets/indices/topix/files/topixweight_j.csv|https://www.jpx.co.jp/automation/markets/indices/jpx-prime150/files/jpxprime150weight_j.csv
4544.T,Ｈ．Ｕ．グループホールディングス,Japan TOPIX 500,Core,A,Prime/TOPIX,サービス業,equity,true,false,false,false,topix500,https://www.jpx.co.jp/automation/markets/indices/topix/files/topixweight_j.csv
4568.T,第一三共,Japan Quality / Prime 150,Core,A,Prime/TOPIX,医薬品,equity,true,true,false,false,topix500|jpx_prime150,https://www.jpx.co.jp/automation/markets/indices/topix/files/topixweight_j.csv|https://www.jpx.co.jp/automation/markets/indices/jpx-prime150/files/jpxprime150weight_j.csv
4578.T,大塚ホールディングス,Japan Quality / Prime 150,Core,A,Prime/TOPIX,医薬品,equity,true,true,false,false,topix500|jpx_prime150,https://www.jpx.co.jp/automation/markets/indices/topix/files/topixweight_j.csv|https://www.jpx.co.jp/automation/markets/indices/jpx-prime150/files/jpxprime150weight_j.csv
4587.T,ペプチドリーム,Japan TOPIX 500,Core,A,Prime/TOPIX,医薬品,equity,true,false,false,false,topix500,https://www.jpx.co.jp/automation/markets/indices/topix/files/topixweight_j.csv
4612.T,日本ペイントホールディングス,Japan Quality / Prime 150,Core,A,Prime/TOPIX,化学,equity,true,true,false,false,topix500|jpx_prime150,https://www.jpx.co.jp/automation/markets/indices/topix/files/topixweight_j.csv|https://www.jpx.co.jp/automation/markets/indices/jpx-prime150/files/jpxprime150weight_j.csv
4613.T,関西ペイント,Japan TOPIX 500,Core,A,Prime/TOPIX,化学,equity,true,false,false,false,topix500,https://www.jpx.co.jp/automation/markets/indices/topix/files/topixweight_j.csv
4626.T,太陽ホールディングス,Japan TOPIX 500,Core,A,Prime/TOPIX,化学,equity,true,false,false,false,topix500,https://www.jpx.co.jp/automation/markets/indices/topix/files/topixweight_j.csv
4631.T,ＤＩＣ,Japan TOPIX 500,Core,A,Prime/TOPIX,化学,equity,true,false,false,false,topix500,https://www.jpx.co.jp/automation/markets/indices/topix/files/topixweight_j.csv
4661.T,オリエンタルランド,Japan Quality / Prime 150,Core,A,Prime/TOPIX,サービス業,equity,true,true,false,false,topix500|jpx_prime150,https://www.jpx.co.jp/automation/markets/indices/topix/files/topixweight_j.csv|https://www.jpx.co.jp/automation/markets/indices/jpx-prime150/files/jpxprime150weight_j.csv
4665.T,ダスキン,Japan TOPIX 500,Core,A,Prime/TOPIX,サービス業,equity,true,false,false,false,topix500,https://www.jpx.co.jp/automation/markets/indices/topix/files/topixweight_j.csv
4666.T,パーク２４,Japan Quality / Prime 150,Core,A,Prime/TOPIX,不動産業,equity,true,true,false,false,topix500|jpx_prime150,https://www.jpx.co.jp/automation/markets/indices/topix/files/topixweight_j.csv|https://www.jpx.co.jp/automation/markets/indices/jpx-prime150/files/jpxprime150weight_j.csv
4676.T,フジ・メディア・ホールディングス,Japan TOPIX 500,Core,A,Prime/TOPIX,情報・通信業,equity,true,false,false,false,topix500,https://www.jpx.co.jp/automation/markets/indices/topix/files/topixweight_j.csv
4680.T,ラウンドワン,Japan TOPIX 500,Core,A,Prime/TOPIX,サービス業,equity,true,false,false,false,topix500,https://www.jpx.co.jp/automation/markets/indices/topix/files/topixweight_j.csv
4681.T,リゾートトラスト,Japan TOPIX 500,Core,A,Prime/TOPIX,サービス業,equity,true,false,false,false,topix500,https://www.jpx.co.jp/automation/markets/indices/topix/files/topixweight_j.csv
4684.T,オービック,Japan Quality / Prime 150,Core,A,Prime/TOPIX,情報・通信業,equity,true,true,false,false,topix500|jpx_prime150,https://www.jpx.co.jp/automation/markets/indices/topix/files/topixweight_j.csv|https://www.jpx.co.jp/automation/markets/indices/jpx-prime150/files/jpxprime150weight_j.csv
4689.T,ＬＩＮＥヤフー,Japan Quality / Prime 150,Core,A,Prime/TOPIX,情報・通信業,equity,true,true,false,false,topix500|jpx_prime150,https://www.jpx.co.jp/automation/markets/indices/topix/files/topixweight_j.csv|https://www.jpx.co.jp/automation/markets/indices/jpx-prime150/files/jpxprime150weight_j.csv
4704.T,トレンドマイクロ,Japan TOPIX 500,Core,A,Prime/TOPIX,情報・通信業,equity,true,false,false,false,topix500,https://www.jpx.co.jp/automation/markets/indices/topix/files/topixweight_j.csv
4716.T,日本オラクル,Japan TOPIX 500,Core,A,Prime/TOPIX,情報・通信業,equity,true,false,false,false,topix500,https://www.jpx.co.jp/automation/markets/indices/topix/files/topixweight_j.csv
4732.T,ユー・エス・エス,Japan Quality / Prime 150,Core,A,Prime/TOPIX,サービス業,equity,true,true,false,false,topix500|jpx_prime150,https://www.jpx.co.jp/automation/markets/indices/topix/files/topixweight_j.csv|https://www.jpx.co.jp/automation/markets/indices/jpx-prime150/files/jpxprime150weight_j.csv
4733.T,オービックビジネスコンサルタント,Japan TOPIX 500,Core,A,Prime/TOPIX,情報・通信業,equity,true,false,false,false,topix500,https://www.jpx.co.jp/automation/markets/indices/topix/files/topixweight_j.csv
4751.T,サイバーエージェント,Japan TOPIX 500,Core,A,Prime/TOPIX,サービス業,equity,true,false,false,false,topix500,https://www.jpx.co.jp/automation/markets/indices/topix/files/topixweight_j.csv
4755.T,楽天グループ,Japan TOPIX 500,Core,A,Prime/TOPIX,サービス業,equity,true,false,false,false,topix500,https://www.jpx.co.jp/automation/markets/indices/topix/files/topixweight_j.csv
4768.T,大塚商会,Japan TOPIX 500,Core,A,Prime/TOPIX,情報・通信業,equity,true,false,false,false,topix500,https://www.jpx.co.jp/automation/markets/indices/topix/files/topixweight_j.csv
4812.T,電通総研,Japan Quality / Prime 150,Core,A,Prime,情報・通信業,equity,false,true,false,false,jpx_prime150,https://www.jpx.co.jp/automation/markets/indices/jpx-prime150/files/jpxprime150weight_j.csv
4887.T,サワイグループホールディングス,Japan TOPIX 500,Core,A,Prime/TOPIX,医薬品,equity,true,false,false,false,topix500,https://www.jpx.co.jp/automation/markets/indices/topix/files/topixweight_j.csv
4901.T,富士フイルムホールディングス,Japan Quality / Prime 150,Core,A,Prime/TOPIX,化学,equity,true,true,false,false,topix500|jpx_prime150,https://www.jpx.co.jp/automation/markets/indices/topix/files/topixweight_j.csv|https://www.jpx.co.jp/automation/markets/indices/jpx-prime150/files/jpxprime150weight_j.csv
4902.T,コニカミノルタ,Japan TOPIX 500,Core,A,Prime/TOPIX,電気機器,equity,true,false,false,false,topix500,https://www.jpx.co.jp/automation/markets/indices/topix/files/topixweight_j.csv
4911.T,資生堂,Japan Quality / Prime 150,Core,A,Prime/TOPIX,化学,equity,true,true,false,false,topix500|jpx_prime150,https://www.jpx.co.jp/automation/markets/indices/topix/files/topixweight_j.csv|https://www.jpx.co.jp/automation/markets/indices/jpx-prime150/files/jpxprime150weight_j.csv
4912.T,ライオン,Japan TOPIX 500,Core,A,Prime/TOPIX,化学,equity,true,false,false,false,topix500,https://www.jpx.co.jp/automation/markets/indices/topix/files/topixweight_j.csv
4922.T,コーセーホールディングス,Japan TOPIX 500,Core,A,Prime/TOPIX,化学,equity,true,false,false,false,topix500,https://www.jpx.co.jp/automation/markets/indices/topix/files/topixweight_j.csv
4927.T,ポーラ・オルビスホールディングス,Japan TOPIX 500,Core,A,Prime/TOPIX,化学,equity,true,false,false,false,topix500,https://www.jpx.co.jp/automation/markets/indices/topix/files/topixweight_j.csv
4967.T,小林製薬,Japan TOPIX 500,Core,A,Prime/TOPIX,化学,equity,true,false,false,false,topix500,https://www.jpx.co.jp/automation/markets/indices/topix/files/topixweight_j.csv
4980.T,デクセリアルズ,Japan Quality / Prime 150,Core,A,Prime/TOPIX,化学,equity,true,true,false,false,topix500|jpx_prime150,https://www.jpx.co.jp/automation/markets/indices/topix/files/topixweight_j.csv|https://www.jpx.co.jp/automation/markets/indices/jpx-prime150/files/jpxprime150weight_j.csv
5016.T,ＪＸ金属,Japan TOPIX 500,Core,A,Prime/TOPIX,非鉄金属,equity,true,false,false,false,topix500,https://www.jpx.co.jp/automation/markets/indices/topix/files/topixweight_j.csv
5019.T,出光興産,Japan TOPIX 500,Core,A,Prime/TOPIX,石油・石炭製品,equity,true,false,false,false,topix500,https://www.jpx.co.jp/automation/markets/indices/topix/files/topixweight_j.csv
5020.T,ＥＮＥＯＳホールディングス,Japan TOPIX 500,Core,A,Prime/TOPIX,石油・石炭製品,equity,true,false,false,false,topix500,https://www.jpx.co.jp/automation/markets/indices/topix/files/topixweight_j.csv
5021.T,コスモエネルギーホールディングス,Japan TOPIX 500,Core,A,Prime/TOPIX,石油・石炭製品,equity,true,false,false,false,topix500,https://www.jpx.co.jp/automation/markets/indices/topix/files/topixweight_j.csv
5076.T,インフロニア・ホールディングス,Japan TOPIX 500,Core,A,Prime/TOPIX,建設業,equity,true,false,false,false,topix500,https://www.jpx.co.jp/automation/markets/indices/topix/files/topixweight_j.csv
5101.T,横浜ゴム,Japan TOPIX 500,Core,A,Prime/TOPIX,ゴム製品,equity,true,false,false,false,topix500,https://www.jpx.co.jp/automation/markets/indices/topix/files/topixweight_j.csv
5105.T,ＴＯＹＯ ＴＩＲＥ,Japan TOPIX 500,Core,A,Prime/TOPIX,ゴム製品,equity,true,false,false,false,topix500,https://www.jpx.co.jp/automation/markets/indices/topix/files/topixweight_j.csv
5108.T,ブリヂストン,Japan Quality / Prime 150,Core,A,Prime/TOPIX,ゴム製品,equity,true,true,false,false,topix500|jpx_prime150,https://www.jpx.co.jp/automation/markets/indices/topix/files/topixweight_j.csv|https://www.jpx.co.jp/automation/markets/indices/jpx-prime150/files/jpxprime150weight_j.csv
5110.T,住友ゴム工業,Japan TOPIX 500,Core,A,Prime/TOPIX,ゴム製品,equity,true,false,false,false,topix500,https://www.jpx.co.jp/automation/markets/indices/topix/files/topixweight_j.csv
5201.T,ＡＧＣ,Japan TOPIX 500,Core,A,Prime/TOPIX,ガラス・土石製品,equity,true,false,false,false,topix500,https://www.jpx.co.jp/automation/markets/indices/topix/files/topixweight_j.csv
5214.T,日本電気硝子,Japan TOPIX 500,Core,A,Prime/TOPIX,ガラス・土石製品,equity,true,false,false,false,topix500,https://www.jpx.co.jp/automation/markets/indices/topix/files/topixweight_j.csv
5232.T,住友大阪セメント,Japan TOPIX 500,Core,A,Prime/TOPIX,ガラス・土石製品,equity,true,false,false,false,topix500,https://www.jpx.co.jp/automation/markets/indices/topix/files/topixweight_j.csv
5233.T,太平洋セメント,Japan TOPIX 500,Core,A,Prime/TOPIX,ガラス・土石製品,equity,true,false,false,false,topix500,https://www.jpx.co.jp/automation/markets/indices/topix/files/topixweight_j.csv
5301.T,東海カーボン,Japan TOPIX 500,Core,A,Prime/TOPIX,ガラス・土石製品,equity,true,false,false,false,topix500,https://www.jpx.co.jp/automation/markets/indices/topix/files/topixweight_j.csv
5332.T,ＴＯＴＯ,Japan TOPIX 500,Core,A,Prime/TOPIX,ガラス・土石製品,equity,true,false,false,false,topix500,https://www.jpx.co.jp/automation/markets/indices/topix/files/topixweight_j.csv
5333.T,日本碍子,Japan TOPIX 500,Core,A,Prime/TOPIX,ガラス・土石製品,equity,true,false,false,false,topix500,https://www.jpx.co.jp/automation/markets/indices/topix/files/topixweight_j.csv
5334.T,日本特殊陶業,Japan TOPIX 500,Core,A,Prime/TOPIX,ガラス・土石製品,equity,true,false,false,false,topix500,https://www.jpx.co.jp/automation/markets/indices/topix/files/topixweight_j.csv
5344.T,ＭＡＲＵＷＡ,Japan TOPIX 500,Core,A,Prime/TOPIX,ガラス・土石製品,equity,true,false,false,false,topix500,https://www.jpx.co.jp/automation/markets/indices/topix/files/topixweight_j.csv
5393.T,ニチアス,Japan TOPIX 500,Core,A,Prime/TOPIX,ガラス・土石製品,equity,true,false,false,false,topix500,https://www.jpx.co.jp/automation/markets/indices/topix/files/topixweight_j.csv
5401.T,日本製鉄,Japan TOPIX 500,Core,A,Prime/TOPIX,鉄鋼,equity,true,false,false,false,topix500,https://www.jpx.co.jp/automation/markets/indices/topix/files/topixweight_j.csv
5406.T,神戸製鋼所,Japan TOPIX 500,Core,A,Prime/TOPIX,鉄鋼,equity,true,false,false,false,topix500,https://www.jpx.co.jp/automation/markets/indices/topix/files/topixweight_j.csv
5411.T,ＪＦＥホールディングス,Japan TOPIX 500,Core,A,Prime/TOPIX,鉄鋼,equity,true,false,false,false,topix500,https://www.jpx.co.jp/automation/markets/indices/topix/files/topixweight_j.csv
5444.T,大和工業,Japan TOPIX 500,Core,A,Prime/TOPIX,鉄鋼,equity,true,false,false,false,topix500,https://www.jpx.co.jp/automation/markets/indices/topix/files/topixweight_j.csv
5463.T,丸一鋼管,Japan TOPIX 500,Core,A,Prime/TOPIX,鉄鋼,equity,true,false,false,false,topix500,https://www.jpx.co.jp/automation/markets/indices/topix/files/topixweight_j.csv
5471.T,大同特殊鋼,Japan TOPIX 500,Core,A,Prime/TOPIX,鉄鋼,equity,true,false,false,false,topix500,https://www.jpx.co.jp/automation/markets/indices/topix/files/topixweight_j.csv
5631.T,日本製鋼所,Japan TOPIX 500,Core,A,Prime/TOPIX,機械,equity,true,false,false,false,topix500,https://www.jpx.co.jp/automation/markets/indices/topix/files/topixweight_j.csv
5706.T,三井金属,Japan Quality / Prime 150,Core,A,Prime/TOPIX,非鉄金属,equity,true,true,false,false,topix500|jpx_prime150,https://www.jpx.co.jp/automation/markets/indices/topix/files/topixweight_j.csv|https://www.jpx.co.jp/automation/markets/indices/jpx-prime150/files/jpxprime150weight_j.csv
5711.T,三菱マテリアル,Japan TOPIX 500,Core,A,Prime/TOPIX,非鉄金属,equity,true,false,false,false,topix500,https://www.jpx.co.jp/automation/markets/indices/topix/files/topixweight_j.csv
5713.T,住友金属鉱山,Japan TOPIX 500,Core,A,Prime/TOPIX,非鉄金属,equity,true,false,false,false,topix500,https://www.jpx.co.jp/automation/markets/indices/topix/files/topixweight_j.csv
5714.T,ＤＯＷＡホールディングス,Japan TOPIX 500,Core,A,Prime/TOPIX,非鉄金属,equity,true,false,false,false,topix500,https://www.jpx.co.jp/automation/markets/indices/topix/files/topixweight_j.csv
5801.T,古河電気工業,Japan TOPIX 500,Core,A,Prime/TOPIX,非鉄金属,equity,true,false,false,false,topix500,https://www.jpx.co.jp/automation/markets/indices/topix/files/topixweight_j.csv
5802.T,住友電気工業,Japan TOPIX 500,Core,A,Prime/TOPIX,非鉄金属,equity,true,false,false,false,topix500,https://www.jpx.co.jp/automation/markets/indices/topix/files/topixweight_j.csv
5803.T,フジクラ,Japan TOPIX 500,Core,A,Prime/TOPIX,非鉄金属,equity,true,false,false,false,topix500,https://www.jpx.co.jp/automation/markets/indices/topix/files/topixweight_j.csv
5830.T,いよぎんホールディングス,Japan TOPIX 500,Core,A,Prime/TOPIX,銀行業,equity,true,false,false,false,topix500,https://www.jpx.co.jp/automation/markets/indices/topix/files/topixweight_j.csv
5831.T,しずおかフィナンシャルグループ,Japan TOPIX 500,Core,A,Prime/TOPIX,銀行業,equity,true,false,false,false,topix500,https://www.jpx.co.jp/automation/markets/indices/topix/files/topixweight_j.csv
5832.T,ちゅうぎんフィナンシャルグループ,Japan TOPIX 500,Core,A,Prime/TOPIX,銀行業,equity,true,false,false,false,topix500,https://www.jpx.co.jp/automation/markets/indices/topix/files/topixweight_j.csv
5838.T,楽天銀行,Japan TOPIX 500,Core,A,Prime/TOPIX,銀行業,equity,true,false,false,false,topix500,https://www.jpx.co.jp/automation/markets/indices/topix/files/topixweight_j.csv
5844.T,京都フィナンシャルグループ,Japan TOPIX 500,Core,A,Prime/TOPIX,銀行業,equity,true,false,false,false,topix500,https://www.jpx.co.jp/automation/markets/indices/topix/files/topixweight_j.csv
5901.T,東洋製罐グループホールディングス,Japan TOPIX 500,Core,A,Prime/TOPIX,金属製品,equity,true,false,false,false,topix500,https://www.jpx.co.jp/automation/markets/indices/topix/files/topixweight_j.csv
5929.T,三和ホールディングス,Japan Quality / Prime 150,Core,A,Prime/TOPIX,金属製品,equity,true,true,false,false,topix500|jpx_prime150,https://www.jpx.co.jp/automation/markets/indices/topix/files/topixweight_j.csv|https://www.jpx.co.jp/automation/markets/indices/jpx-prime150/files/jpxprime150weight_j.csv
1401.T,"mbs,inc.",Japan Growth / Small Discovery,Discovery,B,Growth,,equity,false,false,true,false,growth250,https://www.jpx.co.jp/english/markets/indices/line-up/files/e_mei2_31_mothers.pdf
141A.T,"TRIAL Holdings,Inc.",Japan Growth / Small Discovery,Discovery,B,Growth,,equity,false,false,true,false,growth250,https://www.jpx.co.jp/english/markets/indices/line-up/files/e_mei2_31_mothers.pdf
1431.T,"Lib Work Co.,Ltd.",Japan Growth / Small Discovery,Discovery,B,Growth,,equity,false,false,true,false,growth250,https://www.jpx.co.jp/english/markets/indices/line-up/files/e_mei2_31_mothers.pdf
1436.T,GreenEnergy & Company Inc.,Japan Growth / Small Discovery,Discovery,B,Growth,,equity,false,false,true,false,growth250,https://www.jpx.co.jp/english/markets/indices/line-up/files/e_mei2_31_mothers.pdf
1447.T,"SAAF Holdings Co.,Ltd.",Japan Growth / Small Discovery,Discovery,B,Growth,,equity,false,false,true,false,growth250,https://www.jpx.co.jp/english/markets/indices/line-up/files/e_mei2_31_mothers.pdf
151A.T,Dive Inc.,Japan Growth / Small Discovery,Discovery,B,Growth,,equity,false,false,true,false,growth250,https://www.jpx.co.jp/english/markets/indices/line-up/files/e_mei2_31_mothers.pdf
153A.T,Caulis Inc.,Japan Growth / Small Discovery,Discovery,B,Growth,,equity,false,false,true,false,growth250,https://www.jpx.co.jp/english/markets/indices/line-up/files/e_mei2_31_mothers.pdf
155A.T,"Information Strategy and Technology Co.,Ltd.",Japan Growth / Small Discovery,Discovery,B,Growth,,equity,false,false,true,false,growth250,https://www.jpx.co.jp/english/markets/indices/line-up/files/e_mei2_31_mothers.pdf
156A.T,Material Group Inc.,Japan Growth / Small Discovery,Discovery,B,Growth,,equity,false,false,true,false,growth250,https://www.jpx.co.jp/english/markets/indices/line-up/files/e_mei2_31_mothers.pdf
165A.T,SBI RHEOS HIFUMI Inc.,Japan Growth / Small Discovery,Discovery,B,Growth,,equity,false,false,true,false,growth250,https://www.jpx.co.jp/english/markets/indices/line-up/files/e_mei2_31_mothers.pdf
176A.T,Rezil Inc.,Japan Growth / Small Discovery,Discovery,B,Growth,,equity,false,false,true,false,growth250,https://www.jpx.co.jp/english/markets/indices/line-up/files/e_mei2_31_mothers.pdf
177A.T,"Kohjin Bio Co.,Ltd.",Japan Growth / Small Discovery,Discovery,B,Growth,,equity,false,false,true,false,growth250,https://www.jpx.co.jp/english/markets/indices/line-up/files/e_mei2_31_mothers.pdf
186A.T,Astroscale Holdings Inc.,Japan Growth / Small Discovery,Discovery,B,Growth,,equity,false,false,true,false,growth250,https://www.jpx.co.jp/english/markets/indices/line-up/files/e_mei2_31_mothers.pdf
190A.T,Chordia Therapeutics Inc.,Japan Growth / Small Discovery,Discovery,B,Growth,,equity,false,false,true,false,growth250,https://www.jpx.co.jp/english/markets/indices/line-up/files/e_mei2_31_mothers.pdf
192A.T,Integroup Inc.,Japan Growth / Small Discovery,Discovery,B,Growth,,equity,false,false,true,false,growth250,https://www.jpx.co.jp/english/markets/indices/line-up/files/e_mei2_31_mothers.pdf
194A.T,"WOLVES HAND Co.,Ltd.",Japan Growth / Small Discovery,Discovery,B,Growth,,equity,false,false,true,false,growth250,https://www.jpx.co.jp/english/markets/indices/line-up/files/e_mei2_31_mothers.pdf
198A.T,PostPrime Inc.,Japan Growth / Small Discovery,Discovery,B,Growth,,equity,false,false,true,false,growth250,https://www.jpx.co.jp/english/markets/indices/line-up/files/e_mei2_31_mothers.pdf
202A.T,"MAMEZO CO.,LTD.",Japan Growth / Small Discovery,Discovery,B,Growth,,equity,false,false,true,false,growth250,https://www.jpx.co.jp/english/markets/indices/line-up/files/e_mei2_31_mothers.pdf
205A.T,LOGOS HOLDINGS INC.,Japan Growth / Small Discovery,Discovery,B,Growth,,equity,false,false,true,false,growth250,https://www.jpx.co.jp/english/markets/indices/line-up/files/e_mei2_31_mothers.pdf
206A.T,"PRISM BioLab Co.,LTD",Japan Growth / Small Discovery,Discovery,B,Growth,,equity,false,false,true,false,growth250,https://www.jpx.co.jp/english/markets/indices/line-up/files/e_mei2_31_mothers.pdf
2158.T,"FRONTEO,Inc.",Japan Growth / Small Discovery,Discovery,B,Growth,,equity,false,false,true,false,growth250,https://www.jpx.co.jp/english/markets/indices/line-up/files/e_mei2_31_mothers.pdf
2160.T,GNI Group Ltd.,Japan Growth / Small Discovery,Discovery,B,Growth,,equity,false,false,true,false,growth250,https://www.jpx.co.jp/english/markets/indices/line-up/files/e_mei2_31_mothers.pdf
2173.T,Hakuten Corporation,Japan Growth / Small Discovery,Discovery,B,Growth,,equity,false,false,true,false,growth250,https://www.jpx.co.jp/english/markets/indices/line-up/files/e_mei2_31_mothers.pdf
2195.T,"AMITA HOLDINGS CO.,LTD.",Japan Growth / Small Discovery,Discovery,B,Growth,,equity,false,false,true,false,growth250,https://www.jpx.co.jp/english/markets/indices/line-up/files/e_mei2_31_mothers.pdf
228A.T,"OPRO Co.,Ltd.",Japan Growth / Small Discovery,Discovery,B,Growth,,equity,false,false,true,false,growth250,https://www.jpx.co.jp/english/markets/indices/line-up/files/e_mei2_31_mothers.pdf
2321.T,Softfront Holdings,Japan Growth / Small Discovery,Discovery,B,Growth,,equity,false,false,true,false,growth250,https://www.jpx.co.jp/english/markets/indices/line-up/files/e_mei2_31_mothers.pdf
2334.T,eole Inc.,Japan Growth / Small Discovery,Discovery,B,Growth,,equity,false,false,true,false,growth250,https://www.jpx.co.jp/english/markets/indices/line-up/files/e_mei2_31_mothers.pdf
2370.T,"MEDINET Co.,Ltd.",Japan Growth / Small Discovery,Discovery,B,Growth,,equity,false,false,true,false,growth250,https://www.jpx.co.jp/english/markets/indices/line-up/files/e_mei2_31_mothers.pdf
241A.T,"ROXX,inc.",Japan Growth / Small Discovery,Discovery,B,Growth,,equity,false,false,true,false,growth250,https://www.jpx.co.jp/english/markets/indices/line-up/files/e_mei2_31_mothers.pdf
2438.T,"Asukanet Company,Limited",Japan Growth / Small Discovery,Discovery,B,Growth,,equity,false,false,true,false,growth250,https://www.jpx.co.jp/english/markets/indices/line-up/files/e_mei2_31_mothers.pdf
244A.T,"Growth xPartners,Inc.",Japan Growth / Small Discovery,Discovery,B,Growth,,equity,false,false,true,false,growth250,https://www.jpx.co.jp/english/markets/indices/line-up/files/e_mei2_31_mothers.pdf
245A.T,INGS inc.,Japan Growth / Small Discovery,Discovery,B,Growth,,equity,false,false,true,false,growth250,https://www.jpx.co.jp/english/markets/indices/line-up/files/e_mei2_31_mothers.pdf
246A.T,ASUA Inc.,Japan Growth / Small Discovery,Discovery,B,Growth,,equity,false,false,true,false,growth250,https://www.jpx.co.jp/english/markets/indices/line-up/files/e_mei2_31_mothers.pdf
248A.T,KIDS STAR Inc.,Japan Growth / Small Discovery,Discovery,B,Growth,,equity,false,false,true,false,growth250,https://www.jpx.co.jp/english/markets/indices/line-up/files/e_mei2_31_mothers.pdf
2497.T,"UNITED,Inc.",Japan Growth / Small Discovery,Discovery,B,Growth,,equity,false,false,true,false,growth250,https://www.jpx.co.jp/english/markets/indices/line-up/files/e_mei2_31_mothers.pdf
2586.T,FRUTA FRUTA INC.,Japan Growth / Small Discovery,Discovery,B,Growth,,equity,false,false,true,false,growth250,https://www.jpx.co.jp/english/markets/indices/line-up/files/e_mei2_31_mothers.pdf
264A.T,"Schoo,inc.",Japan Growth / Small Discovery,Discovery,B,Growth,,equity,false,false,true,false,growth250,https://www.jpx.co.jp/english/markets/indices/line-up/files/e_mei2_31_mothers.pdf
265A.T,Hmcomm Inc.,Japan Growth / Small Discovery,Discovery,B,Growth,,equity,false,false,true,false,growth250,https://www.jpx.co.jp/english/markets/indices/line-up/files/e_mei2_31_mothers.pdf
269A.T,Sapeet Inc.,Japan Growth / Small Discovery,Discovery,B,Growth,,equity,false,false,true,false,growth250,https://www.jpx.co.jp/english/markets/indices/line-up/files/e_mei2_31_mothers.pdf
276A.T,CCReB Advisors Inc.,Japan Growth / Small Discovery,Discovery,B,Growth,,equity,false,false,true,false,growth250,https://www.jpx.co.jp/english/markets/indices/line-up/files/e_mei2_31_mothers.pdf
277A.T,Globe-ing Inc.,Japan Growth / Small Discovery,Discovery,B,Growth,,equity,false,false,true,false,growth250,https://www.jpx.co.jp/english/markets/indices/line-up/files/e_mei2_31_mothers.pdf
280A.T,TMH Inc.,Japan Growth / Small Discovery,Discovery,B,Growth,,equity,false,false,true,false,growth250,https://www.jpx.co.jp/english/markets/indices/line-up/files/e_mei2_31_mothers.pdf
281A.T,"Informetis Co.,Ltd.",Japan Growth / Small Discovery,Discovery,B,Growth,,equity,false,false,true,false,growth250,https://www.jpx.co.jp/english/markets/indices/line-up/files/e_mei2_31_mothers.pdf
286A.T,EUCALIA Inc.,Japan Growth / Small Discovery,Discovery,B,Growth,,equity,false,false,true,false,growth250,https://www.jpx.co.jp/english/markets/indices/line-up/files/e_mei2_31_mothers.pdf
288A.T,Laxus Technologies Inc.,Japan Growth / Small Discovery,Discovery,B,Growth,,equity,false,false,true,false,growth250,https://www.jpx.co.jp/english/markets/indices/line-up/files/e_mei2_31_mothers.pdf
291A.T,Reskill Corp.,Japan Growth / Small Discovery,Discovery,B,Growth,,equity,false,false,true,false,growth250,https://www.jpx.co.jp/english/markets/indices/line-up/files/e_mei2_31_mothers.pdf
2934.T,"J Frontier Co.,Ltd.",Japan Growth / Small Discovery,Discovery,B,Growth,,equity,false,false,true,false,growth250,https://www.jpx.co.jp/english/markets/indices/line-up/files/e_mei2_31_mothers.pdf
2936.T,"BASE FOOD,Inc.",Japan Growth / Small Discovery,Discovery,B,Growth,,equity,false,false,true,false,growth250,https://www.jpx.co.jp/english/markets/indices/line-up/files/e_mei2_31_mothers.pdf
2937.T,"St.Cousair CO.,LTD.",Japan Growth / Small Discovery,Discovery,B,Growth,,equity,false,false,true,false,growth250,https://www.jpx.co.jp/english/markets/indices/line-up/files/e_mei2_31_mothers.pdf
296A.T,"Reiwa Accounting Holdings Co.,Ltd.",Japan Growth / Small Discovery,Discovery,B,Growth,,equity,false,false,true,false,growth250,https://www.jpx.co.jp/english/markets/indices/line-up/files/e_mei2_31_mothers.pdf
2978.T,TSUKURUBA Inc.,Japan Growth / Small Discovery,Discovery,B,Growth,,equity,false,false,true,false,growth250,https://www.jpx.co.jp/english/markets/indices/line-up/files/e_mei2_31_mothers.pdf
2981.T,Landix Inc.,Japan Growth / Small Discovery,Discovery,B,Growth,,equity,false,false,true,false,growth250,https://www.jpx.co.jp/english/markets/indices/line-up/files/e_mei2_31_mothers.pdf
2983.T,"Arr Planner Co.,Ltd.",Japan Growth / Small Discovery,Discovery,B,Growth,,equity,false,false,true,false,growth250,https://www.jpx.co.jp/english/markets/indices/line-up/files/e_mei2_31_mothers.pdf
298A.T,"GVA TECH,Inc.",Japan Growth / Small Discovery,Discovery,B,Growth,,equity,false,false,true,false,growth250,https://www.jpx.co.jp/english/markets/indices/line-up/files/e_mei2_31_mothers.pdf
302A.T,"b-style holdings,Inc.",Japan Growth / Small Discovery,Discovery,B,Growth,,equity,false,false,true,false,growth250,https://www.jpx.co.jp/english/markets/indices/line-up/files/e_mei2_31_mothers.pdf
303A.T,visumo Inc.,Japan Growth / Small Discovery,Discovery,B,Growth,,equity,false,false,true,false,growth250,https://www.jpx.co.jp/english/markets/indices/line-up/files/e_mei2_31_mothers.pdf
304A.T,"FORCIA,Inc.",Japan Growth / Small Discovery,Discovery,B,Growth,,equity,false,false,true,false,growth250,https://www.jpx.co.jp/english/markets/indices/line-up/files/e_mei2_31_mothers.pdf
3063.T,j-Group Holdings Corp.,Japan Growth / Small Discovery,Discovery,B,Growth,,equity,false,false,true,false,growth250,https://www.jpx.co.jp/english/markets/indices/line-up/files/e_mei2_31_mothers.pdf
3070.T,"JELLY BEANS GROUP Co.,Ltd.",Japan Growth / Small Discovery,Discovery,B,Growth,,equity,false,false,true,false,growth250,https://www.jpx.co.jp/english/markets/indices/line-up/files/e_mei2_31_mothers.pdf
3140.T,"BRUNO,Inc.",Japan Growth / Small Discovery,Discovery,B,Growth,,equity,false,false,true,false,growth250,https://www.jpx.co.jp/english/markets/indices/line-up/files/e_mei2_31_mothers.pdf
3187.T,miratap inc.,Japan Growth / Small Discovery,Discovery,B,Growth,,equity,false,false,true,false,growth250,https://www.jpx.co.jp/english/markets/indices/line-up/files/e_mei2_31_mothers.pdf
319A.T,Next Generation Technology Group Inc.,Japan Growth / Small Discovery,Discovery,B,Growth,,equity,false,false,true,false,growth250,https://www.jpx.co.jp/english/markets/indices/line-up/files/e_mei2_31_mothers.pdf
323A.T,Flier Inc.,Japan Growth / Small Discovery,Discovery,B,Growth,,equity,false,false,true,false,growth250,https://www.jpx.co.jp/english/markets/indices/line-up/files/e_mei2_31_mothers.pdf
324A.T,"Booking Resort Co.,Ltd.",Japan Growth / Small Discovery,Discovery,B,Growth,,equity,false,false,true,false,growth250,https://www.jpx.co.jp/english/markets/indices/line-up/files/e_mei2_31_mothers.pdf
325A.T,TENTIAL Inc.,Japan Growth / Small Discovery,Discovery,B,Growth,,equity,false,false,true,false,growth250,https://www.jpx.co.jp/english/markets/indices/line-up/files/e_mei2_31_mothers.pdf
3300.T,"AMBITION DX HOLDINGS Co.,Ltd.",Japan Growth / Small Discovery,Discovery,B,Growth,,equity,false,false,true,false,growth250,https://www.jpx.co.jp/english/markets/indices/line-up/files/e_mei2_31_mothers.pdf
330A.T,TalentX Inc.,Japan Growth / Small Discovery,Discovery,B,Growth,,equity,false,false,true,false,growth250,https://www.jpx.co.jp/english/markets/indices/line-up/files/e_mei2_31_mothers.pdf
332A.T,MEEQ Inc.,Japan Growth / Small Discovery,Discovery,B,Growth,,equity,false,false,true,false,growth250,https://www.jpx.co.jp/english/markets/indices/line-up/files/e_mei2_31_mothers.pdf
334A.T,"Visual Processing Japan Co.,Ltd.",Japan Growth / Small Discovery,Discovery,B,Growth,,equity,false,false,true,false,growth250,https://www.jpx.co.jp/english/markets/indices/line-up/files/e_mei2_31_mothers.pdf
335A.T,Mirairo Inc.,Japan Growth / Small Discovery,Discovery,B,Growth,,equity,false,false,true,false,growth250,https://www.jpx.co.jp/english/markets/indices/line-up/files/e_mei2_31_mothers.pdf
338A.T,"ZenmuTech,Inc.",Japan Growth / Small Discovery,Discovery,B,Growth,,equity,false,false,true,false,growth250,https://www.jpx.co.jp/english/markets/indices/line-up/files/e_mei2_31_mothers.pdf
339A.T,"PROGRESS TECHNOLOGIES GROUP,Inc.",Japan Growth / Small Discovery,Discovery,B,Growth,,equity,false,false,true,false,growth250,https://www.jpx.co.jp/english/markets/indices/line-up/files/e_mei2_31_mothers.pdf
340A.T,"zig-zag,Inc.",Japan Growth / Small Discovery,Discovery,B,Growth,,equity,false,false,true,false,growth250,https://www.jpx.co.jp/english/markets/indices/line-up/files/e_mei2_31_mothers.pdf
3418.T,"BALNIBARBI Co.,Ltd.",Japan Growth / Small Discovery,Discovery,B,Growth,,equity,false,false,true,false,growth250,https://www.jpx.co.jp/english/markets/indices/line-up/files/e_mei2_31_mothers.pdf
350A.T,DIGITAL GRID Corporation,Japan Growth / Small Discovery,Discovery,B,Growth,,equity,false,false,true,false,growth250,https://www.jpx.co.jp/english/markets/indices/line-up/files/e_mei2_31_mothers.pdf
352A.T,"LOIVE Co.,Ltd.",Japan Growth / Small Discovery,Discovery,B,Growth,,equity,false,false,true,false,growth250,https://www.jpx.co.jp/english/markets/indices/line-up/files/e_mei2_31_mothers.pdf
3541.T,Nousouken Corporation,Japan Growth / Small Discovery,Discovery,B,Growth,,equity,false,false,true,false,growth250,https://www.jpx.co.jp/english/markets/indices/line-up/files/e_mei2_31_mothers.pdf
3542.T,"Vega corporation Co.,Ltd.",Japan Growth / Small Discovery,Discovery,B,Growth,,equity,false,false,true,false,growth250,https://www.jpx.co.jp/english/markets/indices/line-up/files/e_mei2_31_mothers.pdf
3556.T,"RenetJapanGroup,Inc.",Japan Growth / Small Discovery,Discovery,B,Growth,,equity,false,false,true,false,growth250,https://www.jpx.co.jp/english/markets/indices/line-up/files/e_mei2_31_mothers.pdf
3558.T,"JADE GROUP,Inc.",Japan Growth / Small Discovery,Discovery,B,Growth,,equity,false,false,true,false,growth250,https://www.jpx.co.jp/english/markets/indices/line-up/files/e_mei2_31_mothers.pdf
